模型,策略,预见期,RMSE,MAE,NSE,R2,PBIAS(%),MAPE(%),NSE_log,RMSE_log,NSE等级
人工神经网络 (ANN/MLP),多步直接预测,1,661.07,272.79,0.3836,0.4011,-17.8,36.46,0.5604,0.5847,不满意 (Unsatisfactory)
人工神经网络 (ANN/MLP),多步直接预测,2,771.32,363.78,0.1674,0.2084,-8.66,57.49,0.3645,0.7058,不满意 (Unsatisfactory)
人工神经网络 (ANN/MLP),多步直接预测,3,934.34,470.57,-0.2198,0.1192,1.86,81.44,0.0268,0.875,不满意 (Unsatisfactory)
人工神经网络 (ANN/MLP),多步直接预测,4,944.14,517.3,-0.2446,0.1099,13.72,99.31,-0.0575,0.9133,不满意 (Unsatisfactory)
人工神经网络 (ANN/MLP),多步直接预测,5,894.96,487.76,-0.1179,0.0679,-1.53,93.65,-0.0968,0.9309,不满意 (Unsatisfactory)
人工神经网络 (ANN/MLP),多步直接预测,6,1160.59,628.76,-0.8796,0.0095,19.83,141.26,-0.5363,1.1027,不满意 (Unsatisfactory)
人工神经网络 (ANN/MLP),多步直接预测,7,861.62,494.73,-0.0358,0.068,-6.18,96.67,-0.1034,0.9353,不满意 (Unsatisfactory)
随机森林 (RF),多步直接预测,1,611.36,228.96,0.4728,0.4803,-10.0,27.16,0.7268,0.461,不满意 (Unsatisfactory)
随机森林 (RF),多步直接预测,2,713.63,317.07,0.2872,0.2964,-12.28,41.67,0.5032,0.6241,不满意 (Unsatisfactory)
随机森林 (RF),多步直接预测,3,752.5,367.31,0.2088,0.224,-13.04,52.21,0.3573,0.7111,不满意 (Unsatisfactory)
随机森林 (RF),多步直接预测,4,782.81,395.17,0.1444,0.1699,-14.47,58.36,0.2471,0.7706,不满意 (Unsatisfactory)
随机森林 (RF),多步直接预测,5,805.29,409.08,0.0949,0.1316,-16.43,61.83,0.1665,0.8115,不满意 (Unsatisfactory)
随机森林 (RF),多步直接预测,6,816.31,417.4,0.0701,0.1113,-17.48,65.43,0.1174,0.8358,不满意 (Unsatisfactory)
随机森林 (RF),多步直接预测,7,825.82,426.76,0.0484,0.0958,-18.21,68.76,0.0641,0.8614,不满意 (Unsatisfactory)
长短期记忆网络 (LSTM),多步直接预测,1,842.0,400.0,-0.0,0.1121,-28.12,50.8,-0.0548,0.9058,不满意 (Unsatisfactory)
长短期记忆网络 (LSTM),多步直接预测,2,836.27,364.35,0.0212,0.1473,-47.62,39.32,-0.0129,0.8911,不满意 (Unsatisfactory)
长短期记忆网络 (LSTM),多步直接预测,3,848.09,374.61,-0.005,0.1214,-47.79,40.92,-0.0827,0.9229,不满意 (Unsatisfactory)
长短期记忆网络 (LSTM),多步直接预测,4,853.73,385.03,-0.0176,0.106,-47.07,43.57,-0.1372,0.9471,不满意 (Unsatisfactory)
长短期记忆网络 (LSTM),多步直接预测,5,860.79,393.24,-0.0342,0.0912,-47.15,45.25,-0.1673,0.9604,不满意 (Unsatisfactory)
长短期记忆网络 (LSTM),多步直接预测,6,855.05,410.07,-0.0202,0.0735,-38.46,55.19,-0.1592,0.9578,不满意 (Unsatisfactory)
长短期记忆网络 (LSTM),多步直接预测,7,898.9,467.37,-0.1274,0.0259,-43.93,66.93,-0.653,1.1448,不满意 (Unsatisfactory)
简单平均集成,多步直接预测,1,679.04,279.54,0.3496,0.3696,-18.64,33.4,0.5977,0.5593,不满意 (Unsatisfactory)
简单平均集成,多步直接预测,2,736.14,307.79,0.2416,0.2726,-22.85,37.0,0.4927,0.6306,不满意 (Unsatisfactory)
简单平均集成,多步直接预测,3,782.43,367.01,0.1446,0.1813,-19.66,49.72,0.2923,0.7462,不满意 (Unsatisfactory)
简单平均集成,多步直接预测,4,790.74,393.73,0.127,0.1591,-15.94,58.61,0.226,0.7814,不满意 (Unsatisfactory)
简单平均集成,多步直接预测,5,809.47,401.7,0.0855,0.1216,-21.7,60.01,0.1532,0.818,不满意 (Unsatisfactory)
简单平均集成,多步直接预测,6,865.38,461.47,-0.045,0.0529,-12.03,82.36,-0.0029,0.8909,不满意 (Unsatisfactory)
简单平均集成,多步直接预测,7,830.45,435.44,0.0377,0.083,-22.77,69.71,0.0494,0.8681,不满意 (Unsatisfactory)
Stacking 集成,多步直接预测,1,600.87,222.71,0.4907,0.4956,-8.3,26.39,0.7299,0.4584,不满意 (Unsatisfactory)
Stacking 集成,多步直接预测,2,708.99,303.89,0.2965,0.3092,-15.0,37.67,0.5076,0.6213,不满意 (Unsatisfactory)
Stacking 集成,多步直接预测,3,753.33,362.54,0.207,0.2296,-15.05,48.4,0.3305,0.7258,不满意 (Unsatisfactory)
Stacking 集成,多步直接预测,4,782.71,390.99,0.1446,0.1766,-15.02,55.82,0.2213,0.7837,不满意 (Unsatisfactory)
Stacking 集成,多步直接预测,5,806.36,399.7,0.0925,0.1323,-20.25,57.78,0.1436,0.8226,不满意 (Unsatisfactory)
Stacking 集成,多步直接预测,6,832.19,410.06,0.0336,0.0938,-26.06,57.85,0.0562,0.8643,不满意 (Unsatisfactory)
Stacking 集成,多步直接预测,7,833.02,408.69,0.0318,0.0924,-30.22,57.09,0.0418,0.8716,不满意 (Unsatisfactory)
人工神经网络 (ANN/MLP),多输出预测,1,661.2,282.41,0.3833,0.3938,-9.06,39.17,0.6106,0.5504,不满意 (Unsatisfactory)
人工神经网络 (ANN/MLP),多输出预测,2,813.57,398.78,0.0736,0.1748,-3.09,59.97,0.3377,0.7206,不满意 (Unsatisfactory)
人工神经网络 (ANN/MLP),多输出预测,3,811.58,432.34,0.0796,0.1516,-0.98,73.9,0.2031,0.7918,不满意 (Unsatisfactory)
人工神经网络 (ANN/MLP),多输出预测,4,879.46,483.65,-0.0799,0.095,4.57,92.08,-0.0057,0.8906,不满意 (Unsatisfactory)
人工神经网络 (ANN/MLP),多输出预测,5,924.26,502.48,-0.1923,0.0493,2.17,99.33,-0.0766,0.9223,不满意 (Unsatisfactory)
人工神经网络 (ANN/MLP),多输出预测,6,898.48,487.91,-0.1265,0.0488,-3.79,95.52,-0.0749,0.9223,不满意 (Unsatisfactory)
人工神经网络 (ANN/MLP),多输出预测,7,935.28,524.32,-0.2205,0.0327,-4.77,101.9,-0.135,0.9486,不满意 (Unsatisfactory)
随机森林 (RF),多输出预测,1,651.96,265.48,0.4005,0.4109,-11.51,32.68,0.672,0.5051,不满意 (Unsatisfactory)
随机森林 (RF),多输出预测,2,718.67,324.93,0.2772,0.2868,-13.01,43.5,0.4806,0.6381,不满意 (Unsatisfactory)
随机森林 (RF),多输出预测,3,752.12,363.91,0.2096,0.2242,-13.85,51.71,0.3532,0.7134,不满意 (Unsatisfactory)
随机森林 (RF),多输出预测,4,779.53,390.16,0.1516,0.1748,-14.88,57.59,0.2603,0.7638,不满意 (Unsatisfactory)
随机森林 (RF),多输出预测,5,804.99,409.69,0.0956,0.1312,-15.92,61.94,0.1778,0.806,不满意 (Unsatisfactory)
随机森林 (RF),多输出预测,6,819.36,420.9,0.0632,0.1069,-16.95,65.27,0.1183,0.8354,不满意 (Unsatisfactory)
随机森林 (RF),多输出预测,7,828.45,428.68,0.0424,0.0913,-18.15,68.19,0.0751,0.8563,不满意 (Unsatisfactory)
长短期记忆网络 (LSTM),多输出预测,1,818.49,379.74,0.0551,0.1482,-39.67,47.24,-0.0517,0.9044,不满意 (Unsatisfactory)
长短期记忆网络 (LSTM),多输出预测,2,825.09,402.3,0.0472,0.1252,-24.99,51.64,0.0265,0.8736,不满意 (Unsatisfactory)
长短期记忆网络 (LSTM),多输出预测,3,849.47,405.76,-0.0083,0.0929,-41.67,52.09,-0.208,0.9749,不满意 (Unsatisfactory)
长短期记忆网络 (LSTM),多输出预测,4,862.53,425.81,-0.0387,0.0633,-29.89,54.08,-0.0765,0.9215,不满意 (Unsatisfactory)
长短期记忆网络 (LSTM),多输出预测,5,868.85,415.9,-0.0536,0.0685,-42.36,49.48,-0.1991,0.9734,不满意 (Unsatisfactory)
长短期记忆网络 (LSTM),多输出预测,6,872.74,402.0,-0.0629,0.0645,-47.12,46.04,-0.2185,0.982,不满意 (Unsatisfactory)
长短期记忆网络 (LSTM),多输出预测,7,881.59,406.19,-0.0844,0.0545,-47.01,45.29,-0.2813,1.0079,不满意 (Unsatisfactory)
简单平均集成,多输出预测,1,673.76,268.78,0.3597,0.3906,-20.08,31.59,0.6367,0.5316,不满意 (Unsatisfactory)
简单平均集成,多输出预测,2,751.9,346.59,0.2088,0.2265,-13.7,45.53,0.4322,0.6672,不满意 (Unsatisfactory)
简单平均集成,多输出预测,3,768.49,367.92,0.1748,0.1953,-18.83,50.73,0.3241,0.7293,不满意 (Unsatisfactory)
简单平均集成,多输出预测,4,805.38,411.88,0.0944,0.1299,-13.4,62.77,0.2119,0.7884,不满意 (Unsatisfactory)
简单平均集成,多输出预测,5,823.84,419.13,0.0527,0.0988,-18.7,64.13,0.1605,0.8144,不满意 (Unsatisfactory)
简单平均集成,多输出预测,6,828.24,418.27,0.0428,0.0884,-22.62,64.07,0.1376,0.8262,不满意 (Unsatisfactory)
简单平均集成,多输出预测,7,846.58,437.78,0.0,0.0672,-23.31,66.92,0.0775,0.8552,不满意 (Unsatisfactory)
Stacking 集成,多输出预测,1,626.38,246.9,0.4466,0.4493,-6.58,32.23,0.7048,0.4792,不满意 (Unsatisfactory)
Stacking 集成,多输出预测,2,715.45,321.21,0.2836,0.2938,-11.27,42.23,0.5002,0.626,不满意 (Unsatisfactory)
Stacking 集成,多输出预测,3,757.45,384.72,0.1983,0.2262,-5.36,59.06,0.3315,0.7252,不满意 (Unsatisfactory)
Stacking 集成,多输出预测,4,767.01,387.52,0.1786,0.2037,-11.3,61.02,0.2402,0.7741,不满意 (Unsatisfactory)
Stacking 集成,多输出预测,5,809.03,409.82,0.0865,0.1279,-15.95,62.89,0.1545,0.8174,不满意 (Unsatisfactory)
Stacking 集成,多输出预测,6,825.62,431.52,0.0488,0.1046,-14.14,70.1,0.0881,0.8495,不满意 (Unsatisfactory)
Stacking 集成,多输出预测,7,832.59,441.93,0.0328,0.0875,-16.45,73.77,0.0368,0.8738,不满意 (Unsatisfactory)
